post_id,body,score,subreddit,title,url
1n5asa1,"Is it the third or the fourth ""two weeks"" ?",5124,worldnews,Zelenskyy points out that Trumpâ€™s â€œtwo weeksâ€ given to Russia are almost up,https://www.pravda.com.ua/eng/news/2025/08/31/7528685/
1n5asa1,"""Day one"" is also a while back.",1427,worldnews,Zelenskyy points out that Trumpâ€™s â€œtwo weeksâ€ given to Russia are almost up,https://www.pravda.com.ua/eng/news/2025/08/31/7528685/
1n5asa1,Gonna call Zelenskyy nasty for his ability to read a calendar.,1087,worldnews,Zelenskyy points out that Trumpâ€™s â€œtwo weeksâ€ given to Russia are almost up,https://www.pravda.com.ua/eng/news/2025/08/31/7528685/
1n5asa1,"â€œIâ€™ll get that done within 24 hours. Everyone says, â€˜Oh, no, you canâ€™t.â€™ Absolutely I can. Absolutely I can. ..Before I even arrive at the Oval Office, shortly after we all together win the presidency, we will have the horrible war between Russia and Ukraine settled. It will be settled. The war is going to be settled. Iâ€™ll get them both â€“ I know Zelensky, I know Putin, itâ€™ll be done within 24 hours, you watch. They all say, â€˜Thatâ€™s such a boast.â€™ It will be done very quickly.â€",529,worldnews,Zelenskyy points out that Trumpâ€™s â€œtwo weeksâ€ given to Russia are almost up,https://www.pravda.com.ua/eng/news/2025/08/31/7528685/
1n5asa1,"Wow, not a thank you?? ðŸ™„",404,worldnews,Zelenskyy points out that Trumpâ€™s â€œtwo weeksâ€ given to Russia are almost up,https://www.pravda.com.ua/eng/news/2025/08/31/7528685/
1n53fzg,"As a reminder, this subreddit [is for civil discussion.](/r/politics/wiki/index#wiki_be_civil)

In general, be courteous to others. Debate/discuss/argue the merits of ideas, don't attack people. Personal insults, shill or troll accusations, hate speech, any suggestion or support of harm, violence, or death, and other rule violations can result in a permanent ban. 

If you see comments in violation of our rules, please report them.

 For those who have questions regarding any media outlets being posted on this subreddit, please click [here](https://www.reddit.com/r/politics/wiki/approveddomainslist) to review our details as to our approved domains list and outlet criteria.
 
 We are actively looking for new moderators.  If you have any interest in helping to make this subreddit a place for quality discussion, please fill out [this form](https://docs.google.com/forms/d/1y2swHD0KXFhStGFjW6k54r9iuMjzcFqDIVwuvdLBjSA).
 

***


*I am a bot, and this action was performed automatically. Please [contact the moderators of this subreddit](/message/compose/?to=/r/politics) if you have any questions or concerns.*",1,politics,Fmr. CDC director says you can no longer trust the CDC website: â€œNever thought I would see the dayâ€,https://www.msnbc.com/the-weekend-primetime/watch/fmr-cdc-director-says-you-can-no-longer-trust-the-cdc-website-never-thought-i-would-see-the-day-246242373686
1n53fzg,"Just in case any Americans are looking for reliable health information 
[Canadian Public Health Agency](https://www.canada.ca/en/public-health.html)",3024,politics,Fmr. CDC director says you can no longer trust the CDC website: â€œNever thought I would see the dayâ€,https://www.msnbc.com/the-weekend-primetime/watch/fmr-cdc-director-says-you-can-no-longer-trust-the-cdc-website-never-thought-i-would-see-the-day-246242373686
1n53fzg,"I donâ€™t trust any agency under Trumpâ€™s control.

Trump lies and hires liars.",635,politics,Fmr. CDC director says you can no longer trust the CDC website: â€œNever thought I would see the dayâ€,https://www.msnbc.com/the-weekend-primetime/watch/fmr-cdc-director-says-you-can-no-longer-trust-the-cdc-website-never-thought-i-would-see-the-day-246242373686
1n53fzg,"Everything's become an opinion piece from conservative ""news"" outlets to even government health agencies.


Â Trump hired his cabinet members for mainly just two reasons: 1) loyalty to him and not going to question Trump 2) telegenic and looks/sounds good on tv.Â 


Fox News personalities make up the majority of his cabinet because they're both fiercely loyal to Trump and have years of tv and media experience. With Kennedy, Trump fawns over the Kennedy legacy and desperately wants to be loved like JFK.",1381,politics,Fmr. CDC director says you can no longer trust the CDC website: â€œNever thought I would see the dayâ€,https://www.msnbc.com/the-weekend-primetime/watch/fmr-cdc-director-says-you-can-no-longer-trust-the-cdc-website-never-thought-i-would-see-the-day-246242373686
1n53fzg,"**Step 1:** Train your populace to not trust institutions for years

**Step 2:** Destroy those institutions so people REALLY cannot trust them

**Step 3:** Tell everyone ""i told you so"" about said institutions are not to be trusted. 

**Step 4:** Blame liberals for ruining it

**Step 5:** Gain complete control over said institutionby removing whistleblowers/scientists that dont toe the line of the admin.",275,politics,Fmr. CDC director says you can no longer trust the CDC website: â€œNever thought I would see the dayâ€,https://www.msnbc.com/the-weekend-primetime/watch/fmr-cdc-director-says-you-can-no-longer-trust-the-cdc-website-never-thought-i-would-see-the-day-246242373686
1n58uee,"As a reminder, this subreddit [is for civil discussion.](/r/politics/wiki/index#wiki_be_civil)

In general, be courteous to others. Debate/discuss/argue the merits of ideas, don't attack people. Personal insults, shill or troll accusations, hate speech, any suggestion or support of harm, violence, or death, and other rule violations can result in a permanent ban. 

If you see comments in violation of our rules, please report them.

 For those who have questions regarding any media outlets being posted on this subreddit, please click [here](https://www.reddit.com/r/politics/wiki/approveddomainslist) to review our details as to our approved domains list and outlet criteria.
 
 We are actively looking for new moderators.  If you have any interest in helping to make this subreddit a place for quality discussion, please fill out [this form](https://docs.google.com/forms/d/1y2swHD0KXFhStGFjW6k54r9iuMjzcFqDIVwuvdLBjSA).
 

***


*I am a bot, and this action was performed automatically. Please [contact the moderators of this subreddit](/message/compose/?to=/r/politics) if you have any questions or concerns.*",1,politics,Bernie Sanders breaks with Democrats and endorses popular oyster farmer running against Susan Collins,https://www.the-independent.com/news/world/americas/us-politics/bernie-sanders-graham-platner-oysters-senate-b2817190.html
1n58uee,The oyster farmer is a democrat tho,1044,politics,Bernie Sanders breaks with Democrats and endorses popular oyster farmer running against Susan Collins,https://www.the-independent.com/news/world/americas/us-politics/bernie-sanders-graham-platner-oysters-senate-b2817190.html
1n58uee,Who wrote this headline? Like be for real,320,politics,Bernie Sanders breaks with Democrats and endorses popular oyster farmer running against Susan Collins,https://www.the-independent.com/news/world/americas/us-politics/bernie-sanders-graham-platner-oysters-senate-b2817190.html
1n58uee,His name is Graham Platner.,83,politics,Bernie Sanders breaks with Democrats and endorses popular oyster farmer running against Susan Collins,https://www.the-independent.com/news/world/americas/us-politics/bernie-sanders-graham-platner-oysters-senate-b2817190.html
1n58uee,">Sandersâ€™ endorsement of the 40-year-old Platner comes at odds with others in the Democratic Party, who are **reportedly** hoping that the stateâ€™s 77-year-old Governor Janet Mills will enter the race instead.

If she hasn't declared she's running and the party hadn't endorsed her, then Sanders did not break with the Dems here.",62,politics,Bernie Sanders breaks with Democrats and endorses popular oyster farmer running against Susan Collins,https://www.the-independent.com/news/world/americas/us-politics/bernie-sanders-graham-platner-oysters-senate-b2817190.html
1n4qqg1,Bet Russians will never know this...,1794,worldnews,"Russiaâ€™s 2025Â Summer Offensive Ends inÂ Heavy Losses, NoÂ Victories, Ukraine Says",https://united24media.com/latest-news/russias-2025-summer-offensive-ends-in-heavy-losses-no-victories-ukraine-says-11239
1n4qqg1,"Ukraine says Russiaâ€™s 2025 summer offensive has ended in failure, over 290,000 troops lost, no major cities captured, and only heavy casualties despite Moscowâ€™s claims of success.",796,worldnews,"Russiaâ€™s 2025Â Summer Offensive Ends inÂ Heavy Losses, NoÂ Victories, Ukraine Says",https://united24media.com/latest-news/russias-2025-summer-offensive-ends-in-heavy-losses-no-victories-ukraine-says-11239
1n4qqg1,Russia will continue like this forever. The EU needs an army. They are just talking and that never helps.,438,worldnews,"Russiaâ€™s 2025Â Summer Offensive Ends inÂ Heavy Losses, NoÂ Victories, Ukraine Says",https://united24media.com/latest-news/russias-2025-summer-offensive-ends-in-heavy-losses-no-victories-ukraine-says-11239
1n4qqg1,But they had recently announced that Russia is amassing about (iirc) 90-100k near Pokrovsk.,157,worldnews,"Russiaâ€™s 2025Â Summer Offensive Ends inÂ Heavy Losses, NoÂ Victories, Ukraine Says",https://united24media.com/latest-news/russias-2025-summer-offensive-ends-in-heavy-losses-no-victories-ukraine-says-11239
1n4qqg1,"If you like, verify it on your own, Russian gains are minimal even since 1.1.23:

now: https://liveuamap.com/en/time

1.1.23: https://liveuamap.com/en/time/01.01.2023",48,worldnews,"Russiaâ€™s 2025Â Summer Offensive Ends inÂ Heavy Losses, NoÂ Victories, Ukraine Says",https://united24media.com/latest-news/russias-2025-summer-offensive-ends-in-heavy-losses-no-victories-ukraine-says-11239
1n5k4p2,"Everyone is afraid of a hot WW3, and while it's right to avoid that, it's not right to allow Russia to attack the West through influence, propaganda, undersea cable cutting, GPS jamming, etc. without consequence, and purely financial responses aren't deterring them.

Eventually influence campaigns get the job done, seeding a societal cancer that eventually kills the host. We're seeing that today across Europe and in the US.

Russia only understands force.",4524,worldnews,"EU head's plane hit by suspected Russian GPS interference during landing, FT says",https://tvpworld.com/88657721/eu-heads-plane-hit-by-suspected-russian-gps-interference-during-landing-in-bulgaria-ft-says
1n5k4p2,If that is not an attack i don't know what is then,1117,worldnews,"EU head's plane hit by suspected Russian GPS interference during landing, FT says",https://tvpworld.com/88657721/eu-heads-plane-hit-by-suspected-russian-gps-interference-during-landing-in-bulgaria-ft-says
1n5k4p2,"Putin better be prepared for a strongly worded letter from the EU and a gift of undying friendship from Trump. 

Oh man, he is so fuckedâ€¦",188,worldnews,"EU head's plane hit by suspected Russian GPS interference during landing, FT says",https://tvpworld.com/88657721/eu-heads-plane-hit-by-suspected-russian-gps-interference-during-landing-in-bulgaria-ft-says
1n5k4p2,So let's see now what the response is to endanger the life of the EU chief...,330,worldnews,"EU head's plane hit by suspected Russian GPS interference during landing, FT says",https://tvpworld.com/88657721/eu-heads-plane-hit-by-suspected-russian-gps-interference-during-landing-in-bulgaria-ft-says
1n5k4p2,"https://gpsjam.org/?lat=44.04517&lon=30.43715&z=4.7&date=2025-08-31

Worth noting that this is right on the Black Sea and has been one of the most jammed places on Earth for a good few years now. 

Russia is definitely the one doing it, but it's not really an area that I would expect to be clear at the moment in general.",180,worldnews,"EU head's plane hit by suspected Russian GPS interference during landing, FT says",https://tvpworld.com/88657721/eu-heads-plane-hit-by-suspected-russian-gps-interference-during-landing-in-bulgaria-ft-says
